Module,Component,Feature,Description,Guide Questions,Priority,Complexity,Integration Points,Notes
Warehousing Module,Core Setup,Warehouse Settings,Central configuration for warehouse operations,"What are your current warehouse locations and facilities? What are your standard operating procedures for warehouse management? What are your billing requirements (volume, weight, time-based)? What are your capacity management needs?",High,Medium,Company/Branch/ERPNext Core,Foundation for all warehouse operations
Warehousing Module,Core Setup,Storage Location Configurator,Configure warehouse layout and storage locations,"How is your warehouse physically organized? What are your storage zones, aisles, and rack systems? What are your location naming conventions? What are your storage capacity requirements?",High,High,Storage Type/Environment,Critical for warehouse layout management
Warehousing Module,Core Setup,Handling Unit Type,Define types of containers and handling units,"What types of containers do you use (pallets, boxes, bins)? What are your standard handling unit dimensions and weights? What are your labeling requirements? How do you track handling units?",High,Medium,Storage Type/UOM,Essential for inventory tracking
Warehousing Module,Storage Management,Storage Environment,Define environmental conditions for storage,"What are your temperature, humidity, and security requirements? Do you have special storage requirements (cold storage, hazardous materials)? What are your compliance requirements?",Medium,Low,Storage Type/Compliance,Important for specialized storage
Warehousing Module,Storage Management,Storage Type,Define different types of storage locations,"What are your different storage types (bulk, rack, floor, cold storage)? What are the capacity limits for each type? What are your billing rules for different storage types?",High,Medium,Storage Location/Billing,Core storage classification
Warehousing Module,Storage Management,Storage Location,Physical locations within warehouse,"How do you organize your storage locations? What are your location hierarchies? How do you manage location capacity and utilization?",High,High,Storage Type/Handling Unit,Physical warehouse management
Warehousing Module,Storage Management,Storage Occupancy,Track space utilization and occupancy,"How do you monitor warehouse space utilization? What are your capacity planning requirements? How do you handle space allocation?",Medium,Medium,Storage Location/Handling Unit,Space optimization
Warehousing Module,Inventory Management,Handling Unit,Physical containers for inventory,"How do you track individual handling units? What are your handling unit identification methods? How do you manage handling unit movements?",High,High,Storage Location/Job Management,Core inventory tracking
Warehousing Module,Inventory Management,Handling Unit Type,Types of containers and their specifications,"What are your standard container types? What are the specifications for each type? How do you manage different container types?",High,Medium,Handling Unit/Storage Type,Container management
Warehousing Module,Inventory Management,Handling Unit Storage,Storage assignments for handling units,"How do you assign storage locations to handling units? What are your putaway rules? How do you manage storage optimization?",High,High,Handling Unit/Storage Location,Storage optimization
Warehousing Module,Inventory Management,Warehouse Item,Items stored in warehouse,"What items do you store in your warehouse? What are your item specifications and requirements? How do you manage item master data?",High,Medium,Item/Storage Type,Item management
Warehousing Module,Inventory Management,Warehouse Batch,Batch tracking for inventory,"Do you need batch tracking for your inventory? What are your batch management requirements? How do you handle batch expiry?",Medium,Medium,Item/Handling Unit,Batch management
Warehousing Module,Inventory Management,Warehouse Serial,Serial number tracking,"Do you need serial number tracking? What are your serial number requirements? How do you manage serial number assignments?",Medium,Medium,Item/Handling Unit,Serial tracking
Warehousing Module,Job Management,Warehouse Job,Main job document for warehouse operations,"What are your typical warehouse job types? How do you manage job workflows? What are your job approval processes?",High,High,Orders/Operations/Billing,Core job management
Warehousing Module,Job Management,Warehouse Job Item,Items within warehouse jobs,"How do you manage items within jobs? What are your item allocation requirements? How do you handle item movements?",High,High,Item/Handling Unit/Job,Item job management
Warehousing Module,Job Management,Warehouse Job Operations,Operations within warehouse jobs,"What operations do you perform in your warehouse? How do you track operation progress? What are your operation time standards?",High,High,Operation Item/Job,Operation management
Warehousing Module,Job Management,Warehouse Job Order Items,Order items linked to jobs,"How do you link customer orders to warehouse jobs? What are your order fulfillment requirements? How do you manage order priorities?",High,High,Order/Job,Order fulfillment
Warehousing Module,Job Management,Warehouse Job Count,Stock counting within jobs,"How do you perform stock counts? What are your counting procedures? How do you handle count discrepancies?",Medium,Medium,Job/Stocktake,Stock counting
Warehousing Module,Job Management,Warehouse Job Dock,Dock door assignments for jobs,"How do you manage dock door assignments? What are your loading/unloading procedures? How do you schedule dock usage?",Medium,Medium,Job/Dock Door,Dock management
Warehousing Module,Order Management,Inbound Order,Orders for receiving goods,"What are your receiving procedures? How do you manage inbound shipments? What are your receiving documentation requirements?",High,High,Job/Contract/Item,Inbound operations
Warehousing Module,Order Management,Inbound Order Item,Items in inbound orders,"How do you manage received items? What are your item verification procedures? How do you handle receiving discrepancies?",High,High,Item/Handling Unit/Job,Item receiving
Warehousing Module,Order Management,Inbound Order Dock,Dock assignments for inbound orders,"How do you schedule inbound deliveries? What are your dock scheduling requirements? How do you manage delivery appointments?",Medium,Medium,Order/Dock Door,Delivery scheduling
Warehousing Module,Order Management,Inbound Order Charges,Charges for inbound operations,"What are your inbound service charges? How do you calculate inbound fees? What are your billing requirements?",Medium,Medium,Order/Billing,Inbound billing
Warehousing Module,Order Management,Release Order,Orders for releasing goods,"What are your shipping procedures? How do you manage outbound shipments? What are your shipping documentation requirements?",High,High,Job/Contract/Item,Outbound operations
Warehousing Module,Order Management,Release Order Item,Items in release orders,"How do you manage shipped items? What are your item picking procedures? How do you handle shipping discrepancies?",High,High,Item/Handling Unit/Job,Item shipping
Warehousing Module,Order Management,Release Order Dock,Dock assignments for release orders,"How do you schedule outbound shipments? What are your loading requirements? How do you manage shipping schedules?",Medium,Medium,Order/Dock Door,Shipping scheduling
Warehousing Module,Order Management,Release Order Charges,Charges for release operations,"What are your outbound service charges? How do you calculate shipping fees? What are your billing requirements?",Medium,Medium,Order/Billing,Outbound billing
Warehousing Module,Order Management,Transfer Order,Internal transfer orders,"How do you manage internal transfers? What are your transfer procedures? How do you track transfer movements?",Medium,Medium,Job/Item,Internal transfers
Warehousing Module,Order Management,Transfer Order Item,Items in transfer orders,"How do you manage transferred items? What are your transfer documentation requirements? How do you handle transfer discrepancies?",Medium,Medium,Item/Handling Unit/Job,Item transfers
Warehousing Module,Order Management,Transfer Order Charges,Charges for transfer operations,"What are your transfer service charges? How do you calculate transfer fees? What are your billing requirements?",Low,Low,Order/Billing,Transfer billing
Warehousing Module,Value Added Services,VAS Order,Value-added service orders,"What value-added services do you provide? How do you manage service orders? What are your service procedures?",High,High,Job/Contract/Operation,Service management
Warehousing Module,Value Added Services,VAS Order Item,Items in VAS orders,"How do you manage items for value-added services? What are your service item requirements? How do you track service progress?",High,High,Item/Handling Unit/Job,Service items
Warehousing Module,Value Added Services,VAS Order Input,Input requirements for VAS,"What inputs are required for your services? How do you manage service inputs? What are your input tracking requirements?",Medium,Medium,Item/Service,Service inputs
Warehousing Module,Value Added Services,VAS Order Charges,Charges for VAS operations,"What are your service charges? How do you calculate service fees? What are your billing requirements?",High,Medium,Order/Billing,Service billing
Warehousing Module,Value Added Services,VAS Order Type,Types of value-added services,"What types of services do you offer? How do you categorize services? What are your service specifications?",Medium,Medium,Operation Item/Service,Service types
Warehousing Module,Stock Management,Stocktake Order,Stock counting orders,"How do you perform stock counts? What are your counting procedures? How do you manage count results?",Medium,Medium,Job/Item,Stock counting
Warehousing Module,Stock Management,Stocktake Order Item,Items in stocktake orders,"How do you manage items during stock counts? What are your counting item requirements? How do you handle count discrepancies?",Medium,Medium,Item/Handling Unit/Job,Count items
Warehousing Module,Stock Management,Stocktake Order Charges,Charges for stocktake operations,"What are your counting service charges? How do you calculate counting fees? What are your billing requirements?",Low,Low,Order/Billing,Count billing
Warehousing Module,Stock Management,Putaway,Putaway operations for received items,"How do you manage putaway operations? What are your putaway rules? How do you optimize putaway efficiency?",High,High,Job/Item/Storage Location,Putaway management
Warehousing Module,Stock Management,Warehouse Stock Ledger,Stock movement tracking,"How do you track stock movements? What are your ledger requirements? How do you maintain stock accuracy?",High,High,Item/Handling Unit/Job,Stock tracking
Warehousing Module,Operations Management,Warehouse Operation,Warehouse operation definitions,"What operations do you perform? How do you define operations? What are your operation standards?",Medium,Medium,Operation Item,Operation definitions
Warehousing Module,Operations Management,Warehouse Operation Item,Operation item specifications,"What are your operation item requirements? How do you specify operation items? What are your operation standards?",Medium,Medium,Operation/Item,Operation items
Warehousing Module,Operations Management,Operation Template,Operation templates for jobs,"Do you use operation templates? How do you create templates? What are your template requirements?",Low,Low,Operation/Job,Operation templates
Warehousing Module,Operations Management,Operation Template Items,Items in operation templates,"How do you manage template items? What are your template item requirements? How do you maintain templates?",Low,Low,Template/Item,Template items
Warehousing Module,Operations Management,Transport Job Operations,Transport operations within jobs,"How do you manage transport operations? What are your transport requirements? How do you track transport progress?",Medium,Medium,Job/Transport,Transport operations
Warehousing Module,Operations Management,Warehouse Job Operations Template,Job operation templates,"Do you use job operation templates? How do you create job templates? What are your template requirements?",Low,Low,Job/Operation,Job templates
Warehousing Module,Operations Management,Warehouse Job Operations Template Items,Items in job operation templates,"How do you manage job template items? What are your job template requirements? How do you maintain job templates?",Low,Low,Job Template/Item,Job template items
Warehousing Module,Operations Management,Job Card,Mobile job card interface,"How do your staff access job information? What are your mobile requirements? How do you manage job cards?",Medium,Medium,Job/Mobile,Mobile interface
Warehousing Module,Operations Management,Plate Scanner,License plate scanning functionality,"Do you use license plate scanning? What are your scanning requirements? How do you manage plate data?",Low,Low,Scanner/Mobile,Scanning functionality
Warehousing Module,Operations Management,Count Sheet,Stock counting interface,"How do you perform stock counts? What are your counting interface requirements? How do you manage count sheets?",Medium,Medium,Stocktake/Mobile,Counting interface
Warehousing Module,Operations Management,Plate Scan Log,Log of plate scanning activities,"How do you track scanning activities? What are your logging requirements? How do you maintain scan logs?",Low,Low,Scanner/Log,Scan logging
Warehousing Module,Facility Management,Dock Door,Dock door management,"How do you manage dock doors? What are your dock scheduling requirements? How do you optimize dock usage?",Medium,Medium,Job/Order,Dock management
Warehousing Module,Facility Management,Gate Pass,Gate pass management for warehouse access,"How do you manage warehouse access? What are your gate pass requirements? How do you track access?",Medium,Medium,Job/Person,Access control
Warehousing Module,Facility Management,Gate Pass Item,Items in gate passes,"How do you manage items in gate passes? What are your gate pass item requirements? How do you track gate pass items?",Medium,Medium,Gate Pass/Item,Gate pass items
Warehousing Module,Contract Management,Warehouse Contract,Customer contracts for warehouse services,"How do you manage customer contracts? What are your contract terms? How do you handle contract billing?",High,High,Contract/Job/Billing,Contract management
Warehousing Module,Contract Management,Warehouse Contract Item,Items in warehouse contracts,"How do you manage contract items? What are your contract item requirements? How do you track contract items?",High,High,Contract/Item,Contract items
Warehousing Module,Billing Management,Periodic Billing,Periodic billing for warehouse services,"How do you bill customers? What are your billing cycles? How do you calculate charges?",High,High,Contract/Job/Billing,Billing management
Warehousing Module,Billing Management,Periodic Billing Charges,Charges in periodic billing,"How do you calculate billing charges? What are your charge types? How do you manage charge calculations?",High,High,Billing/Contract,Billing charges
Warehousing Module,Billing Management,Warehouse Job Charges,Charges for warehouse jobs,"How do you charge for warehouse jobs? What are your job charge types? How do you calculate job charges?",High,High,Job/Billing,Job charges
Warehousing Module,Billing Management,VAR Order Charges,Charges for VAS orders,"How do you charge for value-added services? What are your service charge types? How do you calculate service charges?",Medium,Medium,VAS/Billing,Service charges
Warehousing Module,Compliance Management,Security and Compliance Type,Security and compliance requirements,"What are your security requirements? What compliance standards do you follow? How do you manage compliance?",Medium,Medium,Compliance/Storage,Compliance management
Warehousing Module,Compliance Management,Storage Type Compliance,Compliance for storage types,"What compliance requirements do you have for storage? How do you manage storage compliance? What are your compliance procedures?",Medium,Medium,Storage/Compliance,Storage compliance
Warehousing Module,Compliance Management,Green Certification,Environmental certification management,"Do you have environmental certifications? What are your sustainability requirements? How do you manage green certifications?",Low,Low,Environment/Certification,Environmental management
Warehousing Module,Sustainability Management,Carbon Footprint,Carbon footprint tracking,"Do you track carbon footprint? What are your sustainability goals? How do you measure environmental impact?",Low,Low,Environment/Sustainability,Environmental tracking
Warehousing Module,Sustainability Management,Carbon Emission Factor,Carbon emission factors for operations,"How do you calculate carbon emissions? What are your emission factors? How do you track environmental impact?",Low,Low,Environment/Operation,Emissions tracking
Warehousing Module,Sustainability Management,Carbon Emission Breakdown,Breakdown of carbon emissions,"How do you break down carbon emissions? What are your emission categories? How do you analyze environmental impact?",Low,Low,Environment/Emissions,Emissions analysis
Warehousing Module,Sustainability Management,Carbon Offset Program,Carbon offset programs,"Do you participate in carbon offset programs? What are your offset requirements? How do you manage offsets?",Low,Low,Environment/Offset,Offset management
Warehousing Module,Sustainability Management,Carbon Reduction Target,Carbon reduction targets,"What are your carbon reduction targets? How do you set targets? How do you track progress?",Low,Low,Environment/Target,Target management
Warehousing Module,Sustainability Management,Energy Consumption,Energy consumption tracking,"Do you track energy consumption? What are your energy requirements? How do you monitor energy usage?",Low,Low,Environment/Energy,Energy tracking
Warehousing Module,Sustainability Management,Energy Efficiency Metric,Energy efficiency metrics,"How do you measure energy efficiency? What are your efficiency metrics? How do you track efficiency improvements?",Low,Low,Environment/Efficiency,Efficiency tracking
Warehousing Module,Sustainability Management,Energy Equipment Consumption,Equipment energy consumption,"How do you track equipment energy usage? What are your equipment requirements? How do you monitor equipment efficiency?",Low,Low,Environment/Equipment,Equipment tracking
Warehousing Module,Reporting and Analytics,Warehouse Dashboard,Dashboard for warehouse operations,"What KPIs do you track? What are your dashboard requirements? How do you monitor warehouse performance?",High,Medium,Dashboard/Analytics,Performance monitoring
Warehousing Module,Reporting and Analytics,Warehouse Heatmap,Heatmap for warehouse utilization,"How do you visualize warehouse utilization? What are your heatmap requirements? How do you analyze space usage?",Medium,Medium,Visualization/Analytics,Space analysis
Warehousing Module,Reporting and Analytics,Capacity Dashboard,Capacity management dashboard,"How do you monitor warehouse capacity? What are your capacity requirements? How do you track utilization?",Medium,Medium,Capacity/Analytics,Capacity monitoring
Warehousing Module,Reporting and Analytics,Stock Balance Reports,Stock balance reporting,"What stock reports do you need? What are your reporting requirements? How do you analyze stock data?",High,Medium,Stock/Reporting,Stock reporting
Warehousing Module,Reporting and Analytics,Batch Expiry Risk,Batch expiry risk reporting,"How do you track batch expiry? What are your expiry requirements? How do you manage expiry risks?",Medium,Medium,Batch/Reporting,Expiry management
Warehousing Module,Reporting and Analytics,Stock Ledger Reports,Stock ledger reporting,"What ledger reports do you need? What are your ledger requirements? How do you analyze stock movements?",High,Medium,Ledger/Reporting,Stock analysis
Warehousing Module,Integration Points,ERPNext Core,Integration with ERPNext core modules,"How do you integrate with ERPNext? What are your integration requirements? How do you manage data flow?",High,High,Core/Integration,System integration
Warehousing Module,Integration Points,Transport Module,Integration with transport operations,"How do you integrate with transport? What are your transport requirements? How do you manage logistics flow?",High,High,Transport/Integration,Logistics integration
Warehousing Module,Integration Points,Pricing Center,Integration with pricing and billing,"How do you integrate with pricing? What are your pricing requirements? How do you manage rate calculations?",High,High,Pricing/Billing,Rate integration
Warehousing Module,Integration Points,Customer Portal,Integration with customer portal,"How do you integrate with customer portal? What are your customer requirements? How do you manage customer access?",Medium,Medium,Portal/Customer,Customer integration
Warehousing Module,Integration Points,Mobile Interface,Mobile access for warehouse operations,"How do you provide mobile access? What are your mobile requirements? How do you manage mobile users?",Medium,Medium,Mobile/Interface,Mobile integration
Warehousing Module,Integration Points,API Integration,API for external system integration,"What external systems do you integrate with? What are your API requirements? How do you manage external connections?",Medium,Medium,API/Integration,External integration
